experiment_id,tool_path_length_difference,absurd_tool_ratio,overall_error_rate
1-1,1.0,0.0,1.0
1-2,1.1,0.0,1.0
1-3,1.4,0.0,1.7
1-4,0.0,0.0,1.0
1-5,1.0,0.0,1.0
3-1,0.0,0.0,0.0
3-2,4.0,0.0,0.18518518518518517
4-2,0.7,0.03333333333333333,0.7
4-3,0.4,0.1,0.4
4-4,0.4,0.1,0.4
5-1,0.8,0.05,0.4
5-2,0.0,0.0,0.0
5-3,0.5,0.1875,0.4375
5-4,1.3,0.0,0.15
