experiment_id,tool_path_length_difference,absurd_tool_ratio,overall_error_rate
1-1,1.9,0.0,0.6
1-2,1.8888888888888888,0.0,0.5555555555555556
1-3,1.0,0.0,1.0
1-4,0.0,0.0,1.0
1-5,1.7777777777777777,0.0,0.6111111111111112
3-1,0.0,0.0,0.0
4-1,0.0,0.0,1.0
4-2,0.2,0.0,0.4
4-3,0.1,0.0,0.4
4-4,0.2,0.0,0.3
5-1,0.0,0.0,0.0
5-2,0.0,0.0,0.0
5-3,0.0,0.0,0.0
5-4,1.8,0.0,0.4
