experiment_id,n_success,n_correct,n_unique,gini_impurity
1-1,10,6,4,0.58
1-2,9,8,2,0.19753086419753085
1-3,10,4,7,0.7799999999999999
1-4,10,0,9,0.88
1-5,9,9,1,0.0
2-1,0,0,0,1.0
3-1,10,8,3,0.33999999999999986
3-2,0,0,0,1.0
5-1,10,10,2,0.17999999999999994
5-2,10,10,1,0.0
5-3,10,10,1,0.0
5-4,10,10,1,0.0
