experiment_id,n_unique,gini_impurity
1-1,1,0.0
1-2,2,0.17999999999999994
1-3,3,0.4600000000000001
1-4,9,0.88
1-5,1,0.0
2-1,0,1.0
3-1,1,0.0
3-2,0,1.0
4-1,0,1.0
4-2,8,0.86
4-3,6,0.7999999999999999
4-4,6,0.7999999999999999
5-1,3,0.4600000000000001
5-2,1,0.0
5-3,2,0.46875
5-4,1,0.0
