experiment_id,gini_impurity
1-1,0.0
1-2,0.17999999999999994
1-3,0.4600000000000001
1-4,0.88
1-5,0.0
2-1,1.0
3-1,0.0
3-2,1.0
4-1,1.0
4-2,0.86
4-3,0.7999999999999999
4-4,0.7999999999999999
5-1,0.4600000000000001
5-2,0.0
5-3,0.46875
5-4,0.0
