experiment_id,n_success,n_unique,gini_impurity
1-1,10,1,0.0
1-2,10,2,0.17999999999999994
1-3,10,3,0.4600000000000001
1-4,10,9,0.88
1-5,10,1,0.0
3-1,10,1,0.0
3-2,1,0,1.0
4-2,10,8,0.86
4-3,10,6,0.7999999999999999
4-4,10,6,0.7999999999999999
5-1,10,3,0.4600000000000001
5-2,10,1,0.0
5-3,8,2,0.46875
5-4,10,1,0.0
