experiment_id,n_unique,gini_impurity
1-1,4,0.58
1-2,2,0.19753086419753085
1-3,7,0.7799999999999999
1-4,9,0.88
1-5,1,0.0
2-1,0,1.0
3-1,3,0.33999999999999986
3-2,0,1.0
4-1,1,0.0
4-2,8,0.84
4-3,6,0.78
4-4,7,0.82
5-1,2,0.17999999999999994
5-2,1,0.0
5-3,1,0.0
5-4,1,0.0
