experiment_id,n_success,n_unique,gini_impurity
1-1,10,4,0.58
1-2,9,2,0.19753086419753085
1-3,10,7,0.7799999999999999
1-4,10,9,0.88
1-5,9,1,0.0
3-1,10,3,0.33999999999999986
4-1,2,1,0.0
4-2,10,8,0.84
4-3,10,6,0.78
4-4,10,7,0.82
5-1,10,2,0.17999999999999994
5-2,10,1,0.0
5-3,10,1,0.0
5-4,10,1,0.0
